language,percentage
Shell,11.651865440452905
Objective-C,13.536287578559705
PHP,17.168535161678868
Java,14.41646924183517
Perl,15.44811320754717
Ruby,12.530614872600143
C,18.996736763742813
C#,15.923586177642443
JavaScript,13.901700591345165
VimL,7.035514669102455
Python,16.89334513063884
C++,19.337028923957263
