language,percentage
Shell,0.04252062250191343
Objective-C,0.032024338497257915
PHP,0.04817937552117113
Java,0.05481547240241509
Perl,0.022110849056603776
Ruby,0.08145305532929707
C,0.034143638368493816
C#,0.08029208138284173
JavaScript,0.036722075755247365
VimL,0.019573302016050106
Python,0.0339230820344057
C++,0.05196924314900085
