language,percentage
Shell,0.061958621359931
Objective-C,0.1821384252031544
PHP,0.14639117946817382
Java,0.06096550101341775
Perl,0.0909001572327044
Ruby,0.05402212947956816
C,0.0884376206921643
C#,0.06514263206532443
JavaScript,0.058475914110258036
VimL,0.05002066070768361
Python,0.06924505404961163
C++,0.06538066073583979
