language,percentage
Shell,0.07775199543207027
Objective-C,0.06204715583843721
PHP,0.02964884647456685
Java,0.07513730607355434
Perl,0.07124606918238993
Ruby,0.041986110994483024
C,0.09627386556362191
C#,0.03181384356678635
JavaScript,0.04789835968075743
VimL,0.18485896348491768
Python,0.0577042117080097
C++,0.0592337610085386
