language,percentage
Shell,0.21260311250956712
Objective-C,0.2581962291341419
PHP,0.16936903548596313
Java,0.21899449706135588
Perl,0.16705974842767296
Ruby,0.22168666605087037
C,0.23396788259066256
C#,0.2317865745580148
JavaScript,0.20775913511528535
VimL,0.2935995302407516
Python,0.18535292245603113
C++,0.2229648173811972
