language,percentage
Shell,0.002429749857252196
Objective-C,0.01200912693647172
PHP,0.0018530529046604282
Java,0.002941318031349102
Perl,0.01474056603773585
Ruby,0.0030789814729287554
C,0.005597317765326856
C#,0.004544834795255193
JavaScript,0.002794070981377517
Python,0.0024480574664004114
C++,0.001676427198354866
